{
  "project_info": {
    "project_number": "156580367176",
    "firebase_url": "https://kwartway-default-rtdb.firebaseio.com",
    "project_id": "kwartway",
    "storage_bucket": "kwartway.appspot.com"
  },
  "client": [
    {
      "client_info": {
        "mobilesdk_app_id": "1:156580367176:android:f79e1a9a54b794f562c17d",
        "android_client_info": {
          "package_name": "com.example.finalapps"
        }
      },
      "oauth_client": [
        {
          "client_id": "156580367176-ptim2isra926eu20f23k49lp1nijj6i0.apps.googleusercontent.com",
          "client_type": 3
        }
      ],
      "api_key": [
        {
          "current_key": "AIzaSyAx2Y0j5G4R8AM27YpHRpuAXG3YlmrCZxU"
        }
      ],
      "services": {
        "appinvite_service": {
          "other_platform_oauth_client": [
            {
              "client_id": "156580367176-ptim2isra926eu20f23k49lp1nijj6i0.apps.googleusercontent.com",
              "client_type": 3
            }
          ]
        }
      }
    }
  ],
  "configuration_version": "1"
}